,x,y,z
0,203.04137719862806,-2.6719473358362764,0.754568863486378
1,31.03839911350482,-15.781796792979295,-7.5131383587341425
2,133.91468986748114,-40.61130954497845,-16.851407892661097
3,-152.64025393456944,0.9653137575788754,-2.0912442678014482
4,-75.3459346305745,2.6785446154460213,2.6077748821384694
5,137.80712126801419,11.362053466825577,6.067484085757971
6,-158.26239358049187,-0.42067763067524844,4.324906272308595
7,-186.89776595189707,3.8987482973594596,-2.1989499326955
8,89.19463244195079,-16.21593455163985,4.137398606818019
9,72.67556146011603,-65.23078201244378,-4.682229105775928
10,-168.48694059118515,4.894926269827861,-1.7828989655089196
11,51.98385937396411,6.207562931711129,82.10727259834788
12,106.66244771405876,-33.532924351135456,25.59265100182928
13,42.21435539980749,37.2481736496455,3.7979352138722673
14,-55.545528233459116,18.798755685855234,14.648041850806923
15,-86.49483553269046,-47.211924921544465,-11.694288203475518
16,-5.162645989762372e-18,-8.085104646080151e-19,-5.750800864476474e-18
17,37.88124838308026,5.613639573353299,-17.76047391696045
18,16.94266337071154,5.389764863830783,-45.184436193670436
19,88.12539351732609,6.706577981374726,18.736591064590023
20,-31.110790935214222,-7.701369204280182,3.2577596797198396
21,-5.162645989762372e-18,-8.085104646080151e-19,-5.750800864476474e-18
22,132.75093301932512,3.7876904468600943,16.45228147114261
23,-5.162645989762372e-18,-8.085104646080151e-19,-5.750800864476474e-18
24,-5.162645989762372e-18,-8.085104646080151e-19,-5.750800864476474e-18
25,-174.62928096491535,-0.5712709670526983,-0.7702705556466032
26,-184.72108626115926,6.662001285906881,-7.721642732703261
27,-109.69014230982239,-9.613342468366877,-5.929406786993912
28,-118.57420397733685,-3.9312166014534253,4.569873289247564
29,69.96267018962114,33.954034037899774,-34.318619169592075
30,35.001358290673934,38.04140888040851,-26.802598349440437
31,-5.162645989762372e-18,-8.085104646080151e-19,-5.750800864476474e-18
32,-5.162645989762372e-18,-8.085104646080151e-19,-5.750800864476474e-18
33,28.87414579408603,2.6374661008472455,28.533990784090953
34,33.70674592530796,-29.264140192639015,-0.2946832679821088
35,6.810923653092631,-15.664236717089448,-13.6085540516909
36,-5.162645989762372e-18,-8.085104646080151e-19,-5.750800864476474e-18
37,-66.17665068979757,-13.638055491614121,-8.940462155036428
38,-97.01702057745815,-1.4388449933069758,-2.5508906486624685
39,-192.38802684698203,-1.7787100122261792,-0.6276289938883947
40,170.09736232406667,-4.956338551945159,1.3040956006334392
41,-166.88888821044583,-4.758704746289365,-8.813092275694169
42,61.67610875540483,4.998539557783637,-21.915624594111303
43,149.11889093590077,33.734661839655466,14.039130545879237
44,-1.306572242873518,12.021328224760449,-3.0489333010894684
45,71.65081777169839,20.717635369843286,33.6230297442162
46,100.07741173009839,-25.106688211403696,35.899866646949974
47,-134.09980569862685,-1.7631780935098622,5.157875357901833
48,-70.40359935040509,-6.93585107316638,-12.216840147865003
49,87.012835143023,64.23714162322003,-28.409976860546543
50,-162.84323854683694,8.815526404659991,2.821771635646238
51,-5.162645989762372e-18,-8.085104646080151e-19,-5.750800864476474e-18
52,-153.69269997779455,-2.8428045778948072,2.05631548117192
53,123.0900147146836,-32.04366361650682,-50.907793898210315
54,-179.85364389749813,0.7220834729158976,5.261209816741897
55,-5.162645989762372e-18,-8.085104646080151e-19,-5.750800864476474e-18
56,123.10727149489466,-19.140992176291128,-3.8851677912760203
57,-26.364404571163053,26.764418042909238,-6.6654008012652435
58,22.993770155479663,-52.71154016208204,20.02006478265606
59,95.67119470732257,9.273021291456603,-22.964062854932727
60,-5.162645989762372e-18,-8.085104646080151e-19,-5.750800864476474e-18
61,-123.71128657811575,17.230815707003917,-1.211269732938381
62,18.061960810708214,20.267441658117953,5.676283135772277
63,152.2088981569393,12.476258331967122,18.13862364120228
64,-182.46275185489344,2.8234580746286224,-1.5080835415173277
65,25.04217495761029,-10.21623810860189,-19.2814598496604
66,-25.735190591095016,12.196340599322985,-6.958117132286187
67,118.30598467514567,-11.16706127739153,-5.850811997266564
68,-101.9312352653812,2.0578518551307297,-9.637600899022587
69,-79.71909241080567,-8.85897725516607,7.227255721447506
70,-90.84861114150003,-4.104294959064221,7.756783085783244
71,-170.81570074051368,5.992770812834754,-0.7242452031988093
72,20.87891306296715,-38.26233140264391,-28.644591190013916
73,-5.162645989762372e-18,-8.085104646080151e-19,-5.750800864476474e-18
74,-5.162645989762372e-18,-8.085104646080151e-19,-5.750800864476474e-18
75,-107.16597553216076,-2.473799561407638,11.488637872323816
76,-139.66004771811183,-1.2600098679463498,5.91199048604246
77,101.80622670587931,-7.97827391779691,-24.191584924121422
78,-60.56349265734994,-16.728333755527625,10.35928954733758
79,-184.1019119108394,4.026547674854635,0.5887283143514657
80,142.4332851827088,11.929674004182955,15.001004667409324
81,22.036843266130763,-2.8046426964392506,11.17521805028277
82,76.52476734058902,-1.4222507148746895,8.919127971313651
83,27.863072140472806,14.331877066143063,7.4073348801931145
84,-134.1532087998397,-3.0615191142245264,2.829556107011013
85,-72.21048110976278,25.615209385510997,3.0250069577544973
86,107.05578148569272,5.232945092992228,-5.1067042382652055
87,67.68310425612242,-15.69383513092719,13.504249018169856
88,76.92930536658179,-48.554490643453505,-22.618293808745655
89,-5.162645989762372e-18,-8.085104646080151e-19,-5.750800864476474e-18
90,55.53105624878717,-6.803247235634256,15.950349432478886
91,81.13008462585204,-5.700681044919699,-34.49804620034291
92,-37.620069073165894,9.749395234667979,-5.809025569029726
93,-133.43028876459323,1.5663261341466777,-19.337926596252792
94,-81.6983857984546,12.671804838349146,14.75151611554575
95,59.02320757202423,-16.84841282985496,-21.93742182633961
96,88.33815902718611,6.299559886202553,20.957344519286497
97,104.90183015579561,-7.7160032972921,-22.044395494067178
98,-5.162645989762372e-18,-8.085104646080151e-19,-5.750800864476474e-18
99,-54.492200560095526,5.251720254748566,5.88007098938462
100,48.56078294391565,-7.613930077311733,25.200537366866246
101,91.31775731345466,25.658113431151197,8.075732706222375
102,-5.162645989762372e-18,-8.085104646080151e-19,-5.750800864476474e-18
103,178.24066272920993,-9.374947492573362,-10.050402482643548
104,-5.162645989762372e-18,-8.085104646080151e-19,-5.750800864476474e-18
105,145.83851570870638,-22.909899812872922,5.8196165423151545
106,89.61746385246275,2.2110789702431757,-19.91702496636164
107,-6.157505805513756,10.390056124640306,14.016119357001553
108,128.16855399305163,-23.420693468338065,-7.54764476390862
109,47.24317128167389,6.265495583726841,-9.45013858096158
110,-131.6029697632644,1.1782454808273015,-2.883338399129086
111,124.11387435902724,28.782568801026514,-33.48926317385984
112,156.5286224866021,50.22241415400903,-2.0206427648100314
113,58.574545374890015,-18.642154642889786,3.557138706584821
114,118.03128352912418,-7.218625422023341,14.315531874851658
115,-198.37013584969935,-1.4937707719430107,-1.775409613415365
116,-160.16043021697868,4.807047880573806,-7.462027065205361
117,135.7578907529904,25.45050932964704,24.1608085898243
118,-155.07727825044316,-3.255244853234238,4.021449777798311
119,-59.012722116714684,27.85572097729526,-31.935865580204304
120,-9.646063942453845,-17.94395460606241,4.314463841316607
121,-60.537782362373754,3.5075800372572576,-7.588354847558076
122,-37.96173931902306,-22.740596664825507,-5.234508268776224
123,-18.329457795843087,1.0068690857965688,-1.2584523394390932
124,68.61917334479605,33.32515481472214,17.05379771874291
125,-86.44478247644808,7.7435242568793194,-0.23167416333258747
126,-123.51743505744278,10.04988233408328,-6.525826627089115
127,9.957825224780414,22.360261148395622,1.4895019030047918
128,-73.32515905513579,15.509383437794222,18.259465233110927
129,-60.955266353139685,-16.734678061400405,6.807639849043733
130,70.60967471443448,10.091442384623253,12.340283079369906
131,188.24190813372326,7.65999244572057,-5.259690108809508
132,-83.27285226330717,5.556527435477297,-6.658577030773313
133,-25.90641940897381,5.614541627930591,21.355737938812997
134,67.06934752626692,-17.68742270520577,-2.1251948432449166
135,-199.50824177530507,3.4374474971986686,-0.15520993720834236
136,144.32214030474643,-16.731340275931267,17.692526506934765
137,170.2869237544361,17.133118474494704,3.075436019649655
138,-16.291571134156573,-3.010008458456541,7.369602269004285
139,112.09799401688709,33.02623514579658,-44.500030537678235
140,-5.162645989762372e-18,-8.085104646080151e-19,-5.750800864476474e-18
141,-49.269441391205625,-10.94446171447332,40.76254188456198
142,-66.95752666548782,-11.351962191683974,9.285149054129887
143,-100.33843520395442,-0.23349159939794606,-10.402143775391172
144,-191.05752356648395,3.5230079355297437,0.0938432302072758
145,147.19818670879692,7.255204957840132,-25.679957510905574
146,167.79963264309177,8.978522130336309,-6.622589996376697
147,96.87679970971962,-41.89460814883804,10.134888261044129
148,-117.64813485740888,3.344498778377537,-3.1916149274928456
149,173.0681675340461,-14.609508518296893,-6.10120659655878
150,-5.162645989762372e-18,-8.085104646080151e-19,-5.750800864476474e-18
151,192.2401636732694,3.111614895136342,-2.3248677775550215
152,-5.162645989762372e-18,-8.085104646080151e-19,-5.750800864476474e-18
153,-28.828471522288986,-46.47656117714267,-15.40206040005391
154,-100.73380647639019,-10.925347696067258,4.3952256756115045
155,-146.9135380292644,5.767491472070379,-0.9650343904019537
156,146.9583975283767,-12.208700486859662,-1.915847313698446
157,33.31931677035399,33.271836530861414,-2.78244637740536
158,10.65762519171577,24.062798134672505,-2.485879467723271
159,20.63139297682231,2.1929908706472254,-5.099217255039411
160,-164.17723540330695,-0.9519267950244991,0.9639651536637623
161,132.9505104928464,12.947221594024402,4.484304506344548
162,-9.39835998419247,-8.471346379552264,-4.452795783186922
163,-58.934898385275545,-11.818140853342758,-3.5962529652247266
164,94.49712263650801,4.416218992390693,-3.2490777423473935
165,-135.71547648084052,-2.7630355311859094,7.391450693781731
166,73.84032400574566,-11.946092811817696,48.68031486692318
167,97.72968896520561,30.99946759433247,42.41323025498245
